                  epoch,             train/loss,  metrics/accuracy_top1,  metrics/accuracy_top5,               val/loss,                 lr/pg0,                 lr/pg1,                 lr/pg2
                      1,                0.11765,                0.58855,                      1,                0.33247,             0.00023491,             0.00023491,             0.00023491
                      2,                 0.0144,                 0.5773,                      1,                0.34357,             0.00041439,             0.00041439,             0.00041439
                      3,                0.00173,                0.56605,                      1,                0.35294,             0.00053496,             0.00053496,             0.00053496
                      4,                0.00064,                0.56605,                      1,                0.35786,             0.00044893,             0.00044893,             0.00044893
                      5,                0.00045,                0.56996,                      1,                0.36095,             0.00044893,             0.00044893,             0.00044893
                      6,                0.00023,                0.56703,                      1,                0.35815,             0.00036057,             0.00036057,             0.00036057
                      7,                0.00023,                0.56605,                      1,                0.35588,             0.00027221,             0.00027221,             0.00027221
                      8,                0.00021,                0.56115,                      1,                0.36798,             0.00018385,             0.00018385,             0.00018385
